Type,Title,URL,,,,,,,,,,,,,,,,,,,,,
Blog,Agent Payments Protocol (AP2) Blog Post,https://cloud.google.com/blog/products/ai-machine-learning/announcing-agents-to-payments-ap2-protocol,,,,,,,,,,,,,,,,,,,,,
Blog,Agent Payments Protocol (AP2) GitHub Repository,https://github.com/google-agentic-commerce/AP2,,,,,,,,,,,,,,,,,,,,,
Blog,Agent Payments Protocol (AP2) Website,https://ap2-protocol.org/,,,,,,,,,,,,,,,,,,,,,
Blog,ZDNet Article: Four privacy settings you should enable...,https://www.zdnet.com/article/four-privacy-settings-you-should-enable-in-ios-7-immediately/,,,,,,,,,,,,,,,,,,,,,
Developer site,Google Analytics Developer Guide (Cookie Usage),https://developers.google.com/analytics/devguides/collection/gtagjs/cookie-usage#optimize,,,,,,,,,,,,,,,,,,,,,
Developer site,Google Optimize Developer Guide (Experiments),https://developers.google.com/optimize/devguides/experiments,,,,,,,,,,,,,,,,,,,,,
Developer site,Google Optimize Developer Site,https://developers.google.com/optimize/,,,,,,,,,,,,,,,,,,,,,
Developer site,Google Optimize Dev Guide: AMP Experiments,https://developers.google.com/optimize/devguides/amp-experiments,,,,,,,,,,,,,,,,,,,,,
Developer site,Google Optimize Dev Guide: Antiflicker,https://developers.google.com/optimize/devguides/antiflicker,,,,,,,,,,,,,,,,,,,,,
Developer site,Merchant API docs,https://developers.google.com/merchant/api,,,,,,,,,,,,,,,,,,,,,
Developer site,Merchant API Reference (Rest),https://developers.google.com/merchant/api/reference/rest,,,,,,,,,,,,,,,,,,,,,
Developer site,"Content API for Shopping, Get started",https://developers.google.com/shopping-content/guides/quickstart,,,,,,,,,,,,,,,,,,,,,
Developer site,Making Requests,https://developers.google.com/shopping-content/guides/making-requests,,,,,,,,,,,,,,,,,,,,,
Developer site,Batch Requests,https://developers.google.com/shopping-content/guides/how-tos/batch,,,,,,,,,,,,,,,,,,,,,
Developer site,Merchant Support,https://developers.google.com/shopping-content/guides/merchant-support.md,,,,,,,,,,,,,,,,,,,,,
Help center,Google Analytics Help center,https://support.google.com/analytics,Help center,Google Analytics Help center,https://support.google.com/analytics,Help center,Google Analytics Help center,https://support.google.com/analytics,Help center,Google Analytics Help center,https://support.google.com/analytics,Help center,Google Analytics Help center,https://support.google.com/analytics,Help center,Google Analytics Help center,https://support.google.com/analytics,Help center,Google Analytics Help center,https://support.google.com/analytics,Help center,Google Analytics Help center,https://support.google.com/analytics
Help center,Google Ads Help center: Helping advertisers comply with the U.S. states privacy laws in Google Ads (GDPR/CCPA),https://support.google.com/google-ads/answer/9614122,Help center,Google Ads Help center: Helping advertisers comply with the U.S. states privacy laws in Google Ads (GDPR/CCPA),https://support.google.com/google-ads/answer/9614122,Help center,Google Ads Help center: Helping advertisers comply with the U.S. states privacy laws in Google Ads (GDPR/CCPA),https://support.google.com/google-ads/answer/9614122,Help center,Google Ads Help center: Helping advertisers comply with the U.S. states privacy laws in Google Ads (GDPR/CCPA),https://support.google.com/google-ads/answer/9614122,Help center,Google Ads Help center: Helping advertisers comply with the U.S. states privacy laws in Google Ads (GDPR/CCPA),https://support.google.com/google-ads/answer/9614122,Help center,Google Ads Help center: Helping advertisers comply with the U.S. states privacy laws in Google Ads (GDPR/CCPA),https://support.google.com/google-ads/answer/9614122,Help center,Google Ads Help center: Helping advertisers comply with the U.S. states privacy laws in Google Ads (GDPR/CCPA),https://support.google.com/google-ads/answer/9614122,Help center,Google Ads Help center: Helping advertisers comply with the U.S. states privacy laws in Google Ads (GDPR/CCPA),https://support.google.com/google-ads/answer/9614122
Help center,Google Opinion Rewards Help center,https://support.google.com/opinionrewards,Help center,Google Opinion Rewards Help center,https://support.google.com/opinionrewards,Help center,Google Opinion Rewards Help center,https://support.google.com/opinionrewards,Help center,Google Opinion Rewards Help center,https://support.google.com/opinionrewards,Help center,Google Opinion Rewards Help center,https://support.google.com/opinionrewards,Help center,Google Opinion Rewards Help center,https://support.google.com/opinionrewards,Help center,Google Opinion Rewards Help center,https://support.google.com/opinionrewards,Help center,Google Opinion Rewards Help center,https://support.google.com/opinionrewards
Help center,Google Optimize Help center,https://support.google.com/optimize,Help center,Google Optimize Help center,https://support.google.com/optimize,Help center,Google Optimize Help center,https://support.google.com/optimize,Help center,Google Optimize Help center,https://support.google.com/optimize,Help center,Google Optimize Help center,https://support.google.com/optimize,Help center,Google Optimize Help center,https://support.google.com/optimize,Help center,Google Optimize Help center,https://support.google.com/optimize,Help center,Google Optimize Help center,https://support.google.com/optimize
Help center,Google Optimize Help center: Visual editor diagnostics,https://support.google.com/optimize/answer/6318364,Help center,Google Optimize Help center: Visual editor diagnostics,https://support.google.com/optimize/answer/6318364,Help center,Google Optimize Help center: Visual editor diagnostics,https://support.google.com/optimize/answer/6318364,Help center,Google Optimize Help center: Visual editor diagnostics,https://support.google.com/optimize/answer/6318364,Help center,Google Optimize Help center: Visual editor diagnostics,https://support.google.com/optimize/answer/6318364,Help center,Google Optimize Help center: Visual editor diagnostics,https://support.google.com/optimize/answer/6318364,Help center,Google Optimize Help center: Visual editor diagnostics,https://support.google.com/optimize/answer/6318364,Help center,Google Optimize Help center: Visual editor diagnostics,https://support.google.com/optimize/answer/6318364
Help center,Google Optimize Help center: Using the visual editor,https://support.google.com/optimize/answer/6369964,Help center,Google Optimize Help center: Using the visual editor,https://support.google.com/optimize/answer/6369964,Help center,Google Optimize Help center: Using the visual editor,https://support.google.com/optimize/answer/6369964,Help center,Google Optimize Help center: Using the visual editor,https://support.google.com/optimize/answer/6369964,Help center,Google Optimize Help center: Using the visual editor,https://support.google.com/optimize/answer/6369964,Help center,Google Optimize Help center: Using the visual editor,https://support.google.com/optimize/answer/6369964,Help center,Google Optimize Help center: Using the visual editor,https://support.google.com/optimize/answer/6369964,Help center,Google Optimize Help center: Using the visual editor,https://support.google.com/optimize/answer/6369964
Help center,Google Optimize Help center: How the Optimize runtime works,https://support.google.com/optimize/answer/7579180,Help center,Google Optimize Help center: How the Optimize runtime works,https://support.google.com/optimize/answer/7579180,Help center,Google Optimize Help center: How the Optimize runtime works,https://support.google.com/optimize/answer/7579180,Help center,Google Optimize Help center: How the Optimize runtime works,https://support.google.com/optimize/answer/7579180,Help center,Google Optimize Help center: How the Optimize runtime works,https://support.google.com/optimize/answer/7579180,Help center,Google Optimize Help center: How the Optimize runtime works,https://support.google.com/optimize/answer/7579180,Help center,Google Optimize Help center: How the Optimize runtime works,https://support.google.com/optimize/answer/7579180,Help center,Google Optimize Help center: How the Optimize runtime works,https://support.google.com/optimize/answer/7579180
Help center,Google Optimize Help center: Bayesian inference,https://support.google.com/optimize/answer/9988285,Help center,Google Optimize Help center: Bayesian inference,https://support.google.com/optimize/answer/9988285,Help center,Google Optimize Help center: Bayesian inference,https://support.google.com/optimize/answer/9988285,Help center,Google Optimize Help center: Bayesian inference,https://support.google.com/optimize/answer/9988285,Help center,Google Optimize Help center: Bayesian inference,https://support.google.com/optimize/answer/9988285,Help center,Google Optimize Help center: Bayesian inference,https://support.google.com/optimize/answer/9988285,Help center,Google Optimize Help center: Bayesian inference,https://support.google.com/optimize/answer/9988285,Help center,Google Optimize Help center: Bayesian inference,https://support.google.com/optimize/answer/9988285
Help center,Google Optimize Help center: Optimize reports explained,https://support.google.com/optimize/answer/9988502,Help center,Google Optimize Help center: Optimize reports explained,https://support.google.com/optimize/answer/9988502,Help center,Google Optimize Help center: Optimize reports explained,https://support.google.com/optimize/answer/9988502,Help center,Google Optimize Help center: Optimize reports explained,https://support.google.com/optimize/answer/9988502,Help center,Google Optimize Help center: Optimize reports explained,https://support.google.com/optimize/answer/9988502,Help center,Google Optimize Help center: Optimize reports explained,https://support.google.com/optimize/answer/9988502,Help center,Google Optimize Help center: Optimize reports explained,https://support.google.com/optimize/answer/9988502,Help center,Google Optimize Help center: Optimize reports explained,https://support.google.com/optimize/answer/9988502
Help center,Tax Help Center: Tax residency information and Non-US withholding & reporting,https://support.google.com/product-documentation/answer/13401799,Help center,Tax Help Center: Tax residency information and Non-US withholding & reporting,https://support.google.com/product-documentation/answer/13401799,Help center,Tax Help Center: Tax residency information and Non-US withholding & reporting,https://support.google.com/product-documentation/answer/13401799,Help center,Tax Help Center: Tax residency information and Non-US withholding & reporting,https://support.google.com/product-documentation/answer/13401799,Help center,Tax Help Center: Tax residency information and Non-US withholding & reporting,https://support.google.com/product-documentation/answer/13401799,Help center,Tax Help Center: Tax residency information and Non-US withholding & reporting,https://support.google.com/product-documentation/answer/13401799,Help center,Tax Help Center: Tax residency information and Non-US withholding & reporting,https://support.google.com/product-documentation/answer/13401799,Help center,Tax Help Center: Tax residency information and Non-US withholding & reporting,https://support.google.com/product-documentation/answer/13401799
Help center,Tax Help Center: Tax Residency Certificates (TRC),https://support.google.com/product-documentation/answer/15500364,Help center,Tax Help Center: Tax Residency Certificates (TRC),https://support.google.com/product-documentation/answer/15500364,Help center,Tax Help Center: Tax Residency Certificates (TRC),https://support.google.com/product-documentation/answer/15500364,Help center,Tax Help Center: Tax Residency Certificates (TRC),https://support.google.com/product-documentation/answer/15500364,Help center,Tax Help Center: Tax Residency Certificates (TRC),https://support.google.com/product-documentation/answer/15500364,Help center,Tax Help Center: Tax Residency Certificates (TRC),https://support.google.com/product-documentation/answer/15500364,Help center,Tax Help Center: Tax Residency Certificates (TRC),https://support.google.com/product-documentation/answer/15500364,Help center,Tax Help Center: Tax Residency Certificates (TRC),https://support.google.com/product-documentation/answer/15500364
Help center,Google Surveys Help center: Policies,https://support.google.com/surveys/answer/2375134,Help center,Google Surveys Help center: Policies,https://support.google.com/surveys/answer/2375134,Help center,Google Surveys Help center: Policies,https://support.google.com/surveys/answer/2375134,Help center,Google Surveys Help center: Policies,https://support.google.com/surveys/answer/2375134,Help center,Google Surveys Help center: Policies,https://support.google.com/surveys/answer/2375134,Help center,Google Surveys Help center: Policies,https://support.google.com/surveys/answer/2375134,Help center,Google Surveys Help center: Policies,https://support.google.com/surveys/answer/2375134,Help center,Google Surveys Help center: Policies,https://support.google.com/surveys/answer/2375134
Help center,Google Surveys Help center: Survey lifecycle FAQ,https://support.google.com/surveys/answer/2888778,Help center,Google Surveys Help center: Survey lifecycle FAQ,https://support.google.com/surveys/answer/2888778,Help center,Google Surveys Help center: Survey lifecycle FAQ,https://support.google.com/surveys/answer/2888778,Help center,Google Surveys Help center: Survey lifecycle FAQ,https://support.google.com/surveys/answer/2888778,Help center,Google Surveys Help center: Survey lifecycle FAQ,https://support.google.com/surveys/answer/2888778,Help center,Google Surveys Help center: Survey lifecycle FAQ,https://support.google.com/surveys/answer/2888778,Help center,Google Surveys Help center: Survey lifecycle FAQ,https://support.google.com/surveys/answer/2888778,Help center,Google Surveys Help center: Survey lifecycle FAQ,https://support.google.com/surveys/answer/2888778
Help center,Google Surveys Help center: Overview of targeting options,https://support.google.com/surveys/answer/455679,Help center,Google Surveys Help center: Overview of targeting options,https://support.google.com/surveys/answer/455679,Help center,Google Surveys Help center: Overview of targeting options,https://support.google.com/surveys/answer/455679,Help center,Google Surveys Help center: Overview of targeting options,https://support.google.com/surveys/answer/455679,Help center,Google Surveys Help center: Overview of targeting options,https://support.google.com/surveys/answer/455679,Help center,Google Surveys Help center: Overview of targeting options,https://support.google.com/surveys/answer/455679,Help center,Google Surveys Help center: Overview of targeting options,https://support.google.com/surveys/answer/455679,Help center,Google Surveys Help center: Overview of targeting options,https://support.google.com/surveys/answer/455679
Help center,Google Surveys Help center: Methodology,https://support.google.com/surveys/answer/6189786,Help center,Google Surveys Help center: Methodology,https://support.google.com/surveys/answer/6189786,Help center,Google Surveys Help center: Methodology,https://support.google.com/surveys/answer/6189786,Help center,Google Surveys Help center: Methodology,https://support.google.com/surveys/answer/6189786,Help center,Google Surveys Help center: Methodology,https://support.google.com/surveys/answer/6189786,Help center,Google Surveys Help center: Methodology,https://support.google.com/surveys/answer/6189786,Help center,Google Surveys Help center: Methodology,https://support.google.com/surveys/answer/6189786,Help center,Google Surveys Help center: Methodology,https://support.google.com/surveys/answer/6189786
Help center,Google Surveys Help center: Weighting,https://support.google.com/surveys/answer/6218145,Help center,Google Surveys Help center: Weighting,https://support.google.com/surveys/answer/6218145,Help center,Google Surveys Help center: Weighting,https://support.google.com/surveys/answer/6218145,Help center,Google Surveys Help center: Weighting,https://support.google.com/surveys/answer/6218145,Help center,Google Surveys Help center: Weighting,https://support.google.com/surveys/answer/6218145,Help center,Google Surveys Help center: Weighting,https://support.google.com/surveys/answer/6218145,Help center,Google Surveys Help center: Weighting,https://support.google.com/surveys/answer/6218145,Help center,Google Surveys Help center: Weighting,https://support.google.com/surveys/answer/6218145
Help center,Google Surveys Help center: Surveys 360 features,https://support.google.com/surveys/answer/6244101,Help center,Google Surveys Help center: Surveys 360 features,https://support.google.com/surveys/answer/6244101,Help center,Google Surveys Help center: Surveys 360 features,https://support.google.com/surveys/answer/6244101,Help center,Google Surveys Help center: Surveys 360 features,https://support.google.com/surveys/answer/6244101,Help center,Google Surveys Help center: Surveys 360 features,https://support.google.com/surveys/answer/6244101,Help center,Google Surveys Help center: Surveys 360 features,https://support.google.com/surveys/answer/6244101,Help center,Google Surveys Help center: Surveys 360 features,https://support.google.com/surveys/answer/6244101,Help center,Google Surveys Help center: Surveys 360 features,https://support.google.com/surveys/answer/6244101
Help center,Google Surveys Help center: Target remarketing lists,https://support.google.com/surveys/answer/9043718,Help center,Google Surveys Help center: Target remarketing lists,https://support.google.com/surveys/answer/9043718,Help center,Google Surveys Help center: Target remarketing lists,https://support.google.com/surveys/answer/9043718,Help center,Google Surveys Help center: Target remarketing lists,https://support.google.com/surveys/answer/9043718,Help center,Google Surveys Help center: Target remarketing lists,https://support.google.com/surveys/answer/9043718,Help center,Google Surveys Help center: Target remarketing lists,https://support.google.com/surveys/answer/9043718,Help center,Google Surveys Help center: Target remarketing lists,https://support.google.com/surveys/answer/9043718,Help center,Google Surveys Help center: Target remarketing lists,https://support.google.com/surveys/answer/9043718
Release Notes,Google Cloud Security Bulletins,https://cloud.google.com/support/bulletins,,,,,,,,,,,,,,,,,,,,,
Release Notes,Optimize Help Center Announcements tab,https://support.google.com/optimize/announcements/9176329,,,,,,,,,,,,,,,,,,,,,
User Guide,Google Merchant API Documentation,https://developers.google.com/merchant/api,,,,,,,,,,,,,,,,,,,,,
User Guide,Google Pay and Wallet API Documentation,https://developers.google.com/pay/api,,,,,,,,,,,,,,,,,,,,,
Video,Working with Google Optimize Video Playlist,https://www.youtube.com/playlist?list=PLI5YfMzCfRtbgHPUPVBhIMzHbdJNvq8kN,,,,,,,,,,,,,,,,,,,,,
Video,Video: Create a new experiment in Optimize,https://youtu.be/cFVnkSYPYXI,,,,,,,,,,,,,,,,,,,,,
Video,Video: Create a redirect test in Optimize,https://youtu.be/D8-T95xmL0o,,,,,,,,,,,,,,,,,,,,,
Video,Video: Create a multivariate test (MVT) in Optimize,https://youtu.be/QWFHYbHpOo8,,,,,,,,,,,,,,,,,,,,,
Video,Video: Create a personalization in Optimize,https://youtu.be/MnA7ie92St4,,,,,,,,,,,,,,,,,,,,,
Video,Video: Create a multi-page experience in Optimize,https://youtu.be/mNVp6uR2UZs,,,,,,,,,,,,,,,,,,,,,
Video,Video: Analyze Optimize reports,https://youtu.be/5TJaR9U1dq4,,,,,,,,,,,,,,,,,,,,,